owner_id,full_name,passport_series,passport_number,passport_issued_by,address,phone,email
1,Козлова Ирина Ефимовна,2824,126225,АО «Чернова Ершов»,"г. Артем, алл. Лесозаводская, д. 983, 379402",8 542 351 16 15,ernest_40@example.net
2,Владилен Матвеевич Федоров,5506,356787,Сафонов Лимитед,"клх Братск, бул. Курский, д. 2, 164752",8 534 192 8327,opotapov@example.net
3,Зимина Лидия Аркадьевна,4657,246316,ОАО «Голубев Калашникова»,"к. Бологое, пер. Островского, д. 77, 242388",+79696532871,samolovavalerija@example.org
4,Вишнякова Наталья Эльдаровна,2679,809570,НПО «Фадеев»,"д. Александров Гай, бул. Донской, д. 6 стр. 346, 048281",+78932528809,selivan_01@example.com
5,Ксения Егоровна Павлова,9935,191161,ЗАО «Фомичева Яковлев»,"ст. Боровск, ш. Кедровое, д. 97 стр. 94, 383465",8 (871) 331-50-98,haritonpoljakov@example.org
6,Евдокимов Аристарх Давыдович,7912,133326,РАО «Кононова»,"д. Когалым, бул. Вахитова, д. 38 к. 4/8, 311656",8 701 065 13 33,prohor_1977@example.org
7,Ипат Артемьевич Зуев,1488,198246,Лазарев Инк,"ст. Ковров, пр. Вахитова, д. 4/7, 260647",+76872343098,dementevalarisa@example.org
8,Архипов Сила Владиленович,4582,343962,ЗАО «Сорокин»,"д. Борзя, ш. Белорусское, д. 2/4 стр. 791, 435346",+7 (475) 107-99-11,ermil_1998@example.org
9,Ангелина Ефимовна Фомина,9279,731262,АО «Шашков-Пахомова»,"клх Усть-Камчатск, бул. Крайний, д. 24 к. 582, 935348",8 (401) 640-05-24,ninelzhdanova@example.net
10,Авксентий Брониславович Воробьев,1434,688508,ФСК Лидер,"д. Усть-Ишим, пр. Полярный, д. 145, 331586",82322602563,gorde16@example.org
11,Елена Геннадьевна Зыкова,4257,850800,"ИП «Костин, Харитонова и Горбачева»","г. Калуга, наб. Медицинская, д. 945 к. 9/6, 142940",+7 965 569 81 69,iraklisolovev@example.net
12,Спиридон Герасимович Громов,9928,539898,"РАО «Русакова, Казакова и Князева»","клх Гремячинск (Бурят.), наб. 9 мая, д. 7 стр. 7, 823662",89468044369,ruben_77@example.net
13,Мухин Давыд Архипович,4611,571029,ЗАО «Шестакова-Калинина»,"ст. Кисловодск, наб. Хвойная, д. 12 стр. 237, 693676",+7 (201) 632-8708,vitalipanov@example.org
14,Светлана Федоровна Кириллова,5557,948749,ОАО «Константинова-Доронин»,"п. Сорочинск, наб. Покровская, д. 9 к. 4/5, 143455",8 (122) 362-3166,tit_76@example.org
15,Гаврилов Никита Адамович,1106,895667,Мишин Групп,"к. Охотск, пер. Проточный, д. 4/5 к. 8/1, 562729",8 (069) 901-6272,osipovamarina@example.com
16,Большаков Мартын Тарасович,3615,832052,ОАО «Гущина-Зимина»,"ст. Ведено, ул. Интернациональная, д. 4 к. 400, 092327",+7 937 452 99 12,velimir90@example.com
17,Бурова Марина Никифоровна,7924,456778,Казаньоргсинтез,"г. Малоярославец, пер. Киевский, д. 758 стр. 2, 067165",8 (262) 849-87-76,ljubomir31@example.com
18,Зинаида Рубеновна Ермакова,5552,263032,Денисова Групп,"с. Мураши, пр. Сахалинский, д. 5, 494808",+7 (136) 783-7770,anisimovefrem@example.com
19,Тимофеева Фаина Максимовна,4527,900581,"ЗАО «Михайлова, Пахомов и Якушев»","клх Серафимович, наб. Ударная, д. 41 к. 2, 337498",84134352408,irinasoloveva@example.org
20,Игнатова Василиса Рудольфовна,6514,207175,ОАО «Козлов»,"с. Сарапул, алл. Больничная, д. 8 к. 816, 902294",+7 318 699 93 86,prov1986@example.net
21,тов. Ермакова Юлия Аркадьевна,2519,498382,Фокина Лимитед,"клх Каспийск, бул. Широкий, д. 33 к. 720, 974034",+77134936183,iraidasharapova@example.org
22,Сергеев Леон Ермилович,2584,476417,"РАО «Колобов, Власова и Кошелев»","д. Улан-Удэ, пр. Тихий, д. 565 к. 113, 902787",+72967175655,gordeevgostomisl@example.com
23,Серафим Ермилович Нестеров,6635,733052,"ОАО «Некрасова, Ильина и Богданов»","к. Краснодар, ул. 50 лет ВЛКСМ, д. 787 к. 638, 703482",+77710932480,orest_1975@example.org
24,Викторин Витальевич Чернов,5333,946335,ДСК Автобан,"ст. Старый Оскол, алл. Иванова, д. 46 к. 51, 584044",89727875588,usisoev@example.org
25,Жанна Филипповна Блинова,1711,865179,ОАО «Игнатьева Бирюков»,"клх Соловки, ш. Революции, д. 3/8 стр. 628, 718702",8 217 459 61 58,uteterina@example.net
26,Мишина Пелагея Тимофеевна,8527,662275,ЗАО «Кудрявцев»,"п. Верхотурье, ул. Сиреневая, д. 3/5 к. 105, 556238",8 922 219 69 37,elizavetasuvorova@example.net
27,Ираклий Августович Мясников,3045,496922,"ИП «Мельникова, Андреева и Веселов»","к. Черусти, бул. Новостройка, д. 8 к. 4, 713695",84406409097,fekla39@example.com
28,Пономарев Якуб Димитриевич,2291,678856,Мираторг,"к. Сарапул, пер. Радищева, д. 51, 623285",8 (842) 474-5171,elenasamolova@example.net
29,Афанасьева Тамара Михайловна,5803,969693,ОАО «Вишняков»,"д. Горячинск, наб. Васильковая, д. 6/2 к. 17, 931746",+7 200 471 13 82,xburov@example.net
30,София Николаевна Сафонова,6925,705397,ОХК Уралхим,"ст. Сургут (Хант.), пр. Заливный, д. 853 стр. 4/6, 585064",+7 (171) 390-0532,arhipnikonov@example.net
31,Рябов Игорь Игнатович,4150,838797,ОАО «Шарапова Рябова»,"ст. Долинск, пер. Сплавный, д. 11, 053950",+7 (402) 681-17-75,hristofor_1976@example.net
32,Горбачев Аникей Ефимьевич,2139,148050,"ООО «Селиверстова, Семенов и Ильин»","с. Всеволожск, бул. Сурикова, д. 315 к. 924, 698478",86118367365,nifont1993@example.org
33,Лонгин Дмитриевич Давыдов,4733,910620,ООО «Беспалова Блохин»,"ст. Верещагино (Перм.), пр. Гаражный, д. 3, 988516",8 604 945 1983,olgatsvetkova@example.org
34,Федор Исидорович Андреев,5741,183667,ЗАО «Савельев-Кабанова»,"д. Курганинск, алл. Абрикосовая, д. 6, 022961",+7 (018) 366-75-25,marina59@example.net
35,Зайцев Герман Владиленович,4814,205907,Комаров Лимитед,"с. Ржев, пер. Щербакова, д. 5/4 к. 256, 978403",8 900 343 24 45,ivanovserge@example.net
36,Владислав Тарасович Лукин,7227,391476,СК Росгосстрах,"с. Баксан, ул. Высоцкого, д. 759 к. 7/5, 605297",8 161 369 6816,olimpiada53@example.com
37,Анжела Степановна Калашникова,8428,766563,ЗАО «Соловьева»,"к. Дубна, ул. Краснофлотская, д. 4, 921277",89799552717,akulina1987@example.com
38,Казакова Прасковья Анатольевна,6977,270555,НПО «Лихачев-Воробьев»,"ст. Луга, бул. Революционный, д. 8/9, 793597",8 (207) 151-8203,porfiri1999@example.net
39,Давыдов Кондрат Терентьевич,7065,472528,"ОАО «Ларионов, Щербакова и Полякова»","г. Мытищи, пер. 50 лет Победы, д. 5, 519254",8 291 486 52 81,xvolkova@example.org
40,Дмитрий Гордеевич Александров,4432,802729,"АО «Савельев, Егоров и Никифоров»","ст. Вологда, ш. Почтовое, д. 3 стр. 3/3, 927065",+7 (794) 738-3473,evfrosinija_97@example.com
41,Марина Сергеевна Лобанова,5374,835911,"АО «Прохорова, Власов и Исаева»","г. Ставрополь, пер. Пушкинский, д. 341 к. 8, 613750",8 068 536 15 30,valerjan_52@example.org
42,Фомичев Савва Викентьевич,2169,738720,Силовые машины,"г. Ангарск, алл. Кавказская, д. 2/5 к. 24, 369711",8 (980) 893-24-60,ilarion_96@example.org
43,Михайлова Светлана Михайловна,3803,660086,ЗАО «Макарова»,"ст. Советский, бул. Красина, д. 5, 515319",8 205 852 7722,terentevratmir@example.org
44,Аникей Германович Доронин,5010,271339,ИП «Белозерова»,"ст. Урус-Мартан, наб. Подгорная, д. 64 к. 254, 667652",8 (758) 416-16-92,kuprijan_1988@example.org
45,Лавр Ефремович Третьяков,8573,497887,Рыбакова Групп,"к. Северо-Курильск, бул. К.Маркса, д. 5/1, 658202",87021355690,nonnablohina@example.com
46,Бажен Викентьевич Лобанов,5422,771088,НПО «Исаев-Маркова»,"г. Ардон, алл. Тюленина, д. 9/2 стр. 5, 394731",+7 (172) 715-51-88,ladimir22@example.com
47,Ильина Евпраксия Валентиновна,4598,817870,ОАО «Кузнецова Зайцев»,"с. Усть-Илимск, пер. Дальний, д. 846, 691251",8 (785) 289-22-68,nikonovavarvara@example.net
48,Сергеев Гостомысл Захарьевич,6313,983794,Макдоналдc (McDonald`s),"ст. Быково (метеост.), алл. Прохладная, д. 94 к. 382, 995900",+7 094 396 90 78,anastasija47@example.org
49,Милица Кузьминична Панова,1916,340174,ООО «Ковалев»,"с. Стерлитамак, алл. 50 лет Октября, д. 65 к. 7, 588153",8 (147) 321-04-69,kchernov@example.com
50,Лариса Георгиевна Фадеева,1525,944151,НПО «Зайцева Колобов»,"с. Апрелевка, пр. З.Космодемьянской, д. 4/4, 004797",+78016245650,korlov@example.net
51,Жданов Константин Артёмович,6168,520651,"ЗАО «Мясников, Жданова и Ильина»","п. Владимир, наб. Лазо, д. 3 к. 99, 800025",8 (872) 982-59-52,vsidorova@example.com
52,Селезнева Раиса Тарасовна,5386,169403,"ООО «Алексеева, Моисеев и Селиверстов»","к. Выборг, пер. Свердлова, д. 597 к. 80, 896230",81307562636,fevronija_2004@example.com
53,Анастасия Валентиновна Михеева,4456,694731,ЗАО «Кулагин Шестакова»,"к. Иваново, пер. Володарского, д. 5 к. 4/4, 843443",8 (575) 844-19-86,wnesterova@example.org
54,Константин Артурович Коновалов,6155,322955,"ООО «Копылов, Михеева и Кондратьев»","ст. Углич, пер. Городской, д. 41 к. 90, 301657",+7 208 267 73 45,anzhela01@example.net
55,Лукина Александра Вячеславовна,9179,514850,"ОАО «Казаков, Рожкова и Самойлова»","ст. Таганрог, бул. Малиновый, д. 204, 478872",8 (743) 152-7420,lavr_93@example.org
56,Кабанова Милица Олеговна,8517,249811,Лапин Инк,"п. Дивногорск, наб. Новгородская, д. 446 к. 5/6, 990453",+7 174 268 4145,efimkondratev@example.org
57,Радован Марсович Аксенов,5339,246413,171 Меридиан,"ст. Котлас, ш. Широкое, д. 9/6 стр. 191, 982258",8 (139) 718-70-72,pavel_1995@example.org
58,Муравьева Ксения Архиповна,5040,881177,"ИП «Прохорова, Иванов и Копылова»","г. Ревда (Сверд.), бул. Вишневый, д. 117 к. 7, 265676",8 182 512 86 82,avdesimonov@example.org
59,Октябрина Тимофеевна Родионова,9830,375504,Мишин Инкорпорэйтед,"к. Елец, алл. Урожайная, д. 169 к. 23, 907903",+7 673 830 2843,florentin_95@example.org
60,Гаврила Гурьевич Тихонов,8019,711878,ИП «Ильин-Кудрявцева»,"д. Таганрог, наб. Революции, д. 7, 246287",+7 (342) 708-6688,marijanikolaeva@example.com
61,Юдин Богдан Филимонович,7543,479580,РАО «Белова-Воронова»,"к. Октябрьское (Хант.), пер. Вокзальный, д. 939 стр. 47, 403317",+7 (936) 385-4678,leon_45@example.net
62,Октябрина Болеславовна Брагина,4593,245051,Силовые машины,"к. Мичуринск, ул. Черноморская, д. 50 к. 5/3, 536937",8 (547) 772-5228,dobroslav2021@example.net
63,г-жа Назарова Александра Анатольевна,9348,617488,Автотор холдинг,"п. Ясный (Оренб.), ул. Короткая, д. 838, 099770",+7 886 008 4840,ija_2008@example.org
64,Белов Станислав Вилорович,2489,892495,АО «Белоусова Воробьева»,"к. Переславль-Залесский, наб. Кольцова, д. 4/4, 101666",8 (700) 217-6591,andronik_1982@example.net
65,Олимпиада Ивановна Соловьева,1771,214975,ООО «Уварова»,"п. Можга, алл. Средняя, д. 2/5, 939685",8 218 501 63 15,xsilina@example.com
66,Дорофеев Радим Эдгардович,3504,757924,ИП «Титова Лихачева»,"п. Черняховск, пр. Кольцевой, д. 4 стр. 314, 265511",+7 475 412 1267,fedor_1998@example.org
67,Казаков Фадей Бенедиктович,3621,930555,Полякова и партнеры,"к. Псебай, ш. Промышленное, д. 99 к. 36, 444721",+7 (646) 471-54-37,ratmirkiselev@example.org
68,Николай Игнатьевич Одинцов,7916,725380,Мишин и партнеры,"с. Шадринск, наб. Ломоносова, д. 67, 654793",8 646 519 3982,aleksandr_2023@example.com
69,Евфросиния Павловна Лаврентьева,2040,503457,ОАО «Исакова-Кудрявцев»,"п. Яшкуль, алл. Калужская, д. 76 к. 879, 886805",8 (911) 352-9096,petr_10@example.org
70,Сократ Ярославович Наумов,7252,724834,Власова Лтд,"к. Павловская, ш. Громова, д. 15 к. 2/5, 112545",8 (387) 571-77-51,anike10@example.com
71,Ларионова Глафира Ефимовна,8668,654816,Шестаков Лтд,"д. Россошь, алл. Черемушки, д. 72 к. 1/4, 966033",+71918255371,darja78@example.net
72,Никанор Тимурович Сафонов,5119,680099,ИП «Крюков»,"ст. Макаров, пер. Промышленный, д. 25 стр. 24, 528669",+7 (966) 278-28-27,visheslav25@example.com
73,Князева Людмила Андреевна,1188,813328,"АО «Колесников, Лапина и Комиссаров»","клх Сухиничи, бул. Сурикова, д. 3/2 к. 134, 384279",8 (881) 914-85-80,trifon1982@example.com
74,Никонов Иосиф Ефимович,2876,814825,НПО «Назаров»,"с. Геленджик, алл. 60 лет Октября, д. 3/3, 309584",88254494812,dsamolova@example.com
75,Василиса Владимировна Крылова,9797,887352,ООО «Носков Федосеева»,"с. Дмитров, бул. Угольный, д. 7/8 стр. 916, 577590",+7 751 863 63 74,kondrati_58@example.net
76,Красильников Святослав Измаилович,5371,905934,Автотор холдинг,"клх Сибай, ул. Авиационная, д. 8/1, 324241",8 415 206 4361,smirnovermil@example.com
77,Капустин Зиновий Ярославович,6573,216970,ТД Ункомтех,"клх Нерчинск, ш. Челюскинцев, д. 27, 611155",+72622189092,mili2010@example.net
78,Надежда Юрьевна Зимина,5808,555884,"ОАО «Кудряшов, Захаров и Зыкова»","ст. Горячинск, бул. Серова, д. 7 стр. 3, 413899",84043898364,sharovazhanna@example.com
79,Иларион Эдуардович Кабанов,3591,575763,Баранов Лтд,"к. Дагомыс, ш. Фадеева, д. 9 к. 27, 910430",+7 684 866 6188,irinamihalova@example.com
80,Русаков Елизар Витальевич,1053,857168,Лапин Групп,"клх Сальск, ш. Волочаевское, д. 731 стр. 179, 210202",8 (588) 425-24-10,pahom_48@example.org
81,Флорентин Артемьевич Чернов,5315,624902,"ЗАО «Молчанов, Макаров и Лебедева»","п. Краснотурьинск, пер. Пограничный, д. 18, 030756",+7 (208) 635-36-54,drozdovmoke@example.org
82,Мясникова Алла Вячеславовна,3927,632342,ОАО «Павлова Тарасов»,"с. Липецк, наб. Дальняя, д. 1/6 к. 54, 759738",+7 (206) 038-5050,vmolchanova@example.net
83,Елисей Данилович Гаврилов,2743,755674,"РАО «Меркушева, Бобров и Третьякова»","г. Кирово-Чепецк, пр. Жуковского, д. 2/2 стр. 26, 623445",8 557 431 32 91,valentinasergeeva@example.com
84,Орест Валерианович Беляков,5889,982554,ОАО «Аксенов-Лихачев»,"к. Голицыно, алл. Свободы, д. 335, 356804",+72067883171,varvarapopova@example.org
85,Елена Владимировна Лазарева,9317,738551,"ИП «Афанасьева, Боброва и Мясникова»","ст. Бугуруслан, ул. Ивановская, д. 3/2, 107029",8 670 662 53 24,prokofi20@example.net
86,Николаева Кира Святославовна,4258,260263,"ЗАО «Кондратьев, Ильин и Захаров»","п. Пятигорск, бул. Ленский, д. 865, 598564",+7 (059) 304-07-85,gordekomarov@example.org
87,Федотова Синклитикия Аркадьевна,7126,899550,ЗАО «Терентьева Орехова»,"ст. Иваново, алл. Карла Маркса, д. 1, 992937",8 (427) 010-3930,samson_1970@example.net
88,Титов Матвей Вячеславович,3646,665579,РАО «Соловьев-Анисимов»,"ст. Тула, ул. Королева, д. 2/6 к. 6, 267528",85392644220,xvladimirova@example.net
89,Елисеев Лукьян Гурьевич,9689,100599,Нефтехимремстрой,"п. Надым, ул. Ручейная, д. 6 стр. 61, 043315",+71006762676,trifon_61@example.com
90,Ульяна Дмитриевна Сорокина,6310,612340,"РАО «Ефремова, Терентьева и Виноградов»","к. Кудымкар, ул. Володарского, д. 36, 815997",+7 629 620 1533,jaksenova@example.net
91,София Захаровна Нестерова,1319,217301,ИП «Мухин-Григорьев»,"д. Усть-Баргузин, алл. Трактовая, д. 1 к. 2/5, 310324",+7 714 677 41 86,margaritadoronina@example.com
92,Прокофий Андреевич Белоусов,6947,972064,"НПО «Назаров, Савельев и Игнатова»","п. Владимир, бул. Чайковского, д. 4/9, 686879",+7 (741) 608-9899,varvaraseliverstova@example.com
93,Сергеев Еремей Георгиевич,6038,351083,РАО «Сазонов Яковлев»,"ст. Ямбург, ш. Отрадное, д. 2, 686854",8 (709) 986-1622,strelkovvatslav@example.net
94,Ия Тарасовна Бобылева,1949,352572,НПО «Лобанов-Комиссаров»,"г. Змеиногорск, пр. Средний, д. 1/7 к. 4, 745054",+74713247546,ponomarevprov@example.org
95,Надежда Рудольфовна Мишина,2290,189814,Мишина и партнеры,"г. Минусинск, пер. 50 лет ВЛКСМ, д. 18 стр. 43, 307053",+75786103579,demjan2024@example.com
96,Шестакова Любовь Валериевна,8962,955662,ООО «Зимина-Власова»,"г. Орск, алл. Прибрежная, д. 43, 680072",+7 (903) 494-46-65,ippolit1982@example.com
97,Шарапова Юлия Никифоровна,2133,897549,Ершов Инк,"к. Всеволожск, ул. Луначарского, д. 6 к. 5, 328309",8 520 744 66 60,mefodivladimirov@example.net
98,Лукин Савелий Ильясович,9727,903035,Моисеев Инкорпорэйтед,"г. Соликамск, бул. Отрадный, д. 25, 534655",+79471709991,evlampi1998@example.net
99,Лаврентий Фадеевич Зайцев,3060,234628,АО «Власов Зимин»,"п. Моздок, алл. Тихая, д. 6/3 стр. 1, 743292",8 (129) 666-67-60,lukinaevpraksija@example.net
100,Агафон Захарьевич Симонов,8787,676510,Щербаков Инк,"п. Нефедова, алл. Пушкинская, д. 9/5 к. 11, 478985",8 257 532 60 33,ekaterinagureva@example.org
101,Романова Варвара Михайловна,3705,377932,Группа М.Видео-Эльдорадо,"ст. Тырныауз, ул. Сосновая, д. 200 стр. 8/7, 847230",+76184992618,bobrovvikenti@example.org
102,г-н Гуляев Каллистрат Германович,9645,736059,ООО «Зыков-Капустин»,"д. Тайшет, бул. Мусы Джалиля, д. 4, 011972",+7 811 437 44 70,avdeevdemid@example.org
103,Майя Кузьминична Котова,7932,322086,Группа Синара,"г. Джубга, бул. Стахановский, д. 6 стр. 5/2, 521667",+76762120216,filaret2008@example.org
104,Гуляева Людмила Юрьевна,9835,891952,ОАО «Карпова»,"с. Гаврилов-Ям, пр. Шоссейный, д. 145 к. 95, 637562",8 (900) 287-7217,ilarion_54@example.org
105,Хохлова Марина Ниловна,4295,847581,РАО «Русаков Белозеров»,"ст. Тамбей, наб. Стадионная, д. 1/2 к. 7/1, 199488",+7 (755) 037-5899,ljudmila2007@example.net
106,Валерий Гурьевич Смирнов,6107,518373,ИП «Федосеева-Калинина»,"клх Воскресенск, алл. 8-е Марта, д. 26, 933163",8 (351) 609-17-79,vsevolod_2024@example.org
107,Васильева Таисия Оскаровна,7118,559381,Меркушев Лтд,"клх Губкин, пр. Космонавтов, д. 7/4, 654722",8 984 858 33 39,zhanna52@example.net
108,Кондратьева Дарья Сергеевна,9479,573417,Тихонова Лимитед,"ст. Нижний Тагил, пр. Марта 8, д. 7 стр. 181, 200342",+74204380571,zahar_2011@example.net
109,Сократ Ермилович Шубин,2982,359947,Мечел,"с. Мичуринск, ул. Полевая, д. 4 стр. 4/6, 347212",+7 (816) 064-84-22,averki57@example.net
110,Алина Владиславовна Гущина,4681,167136,ЗАО «Орлов-Дроздова»,"ст. Хоста, наб. Станционная, д. 9 стр. 92, 826886",+7 533 555 43 98,feliks2016@example.net
111,Агафонов Милан Филатович,6539,122056,ООО «Максимова Самойлова»,"клх Москва, ш. Торговое, д. 5/9 к. 1, 887704",+7 (581) 128-8013,paramonshchukin@example.org
112,Никонов Платон Артёмович,4770,717024,Трансойл,"клх Надым, ул. Уральская, д. 924, 934667",8 650 618 09 19,filatovaanzhela@example.com
113,Валентина Кирилловна Устинова,4608,107540,Мазда Мотор Рус (Mazda),"ст. Самара, пр. Совхозный, д. 3/9 к. 72, 245088",+7 (100) 996-88-14,mechislavsobolev@example.com
114,Раиса Вениаминовна Сорокина,2163,842225,АО «Сидорова Шубина»,"г. Иркутск, ш. Трактовое, д. 9/2 стр. 2, 139755",+7 (314) 913-57-75,iraida92@example.net
115,Константинова Лариса Олеговна,1964,340062,РАО «Исаев Горшков»,"к. Новосибирск, бул. Толстого, д. 8/8, 478129",+7 428 341 10 80,lshilova@example.org
116,Таисия Захаровна Некрасова,2104,132938,Фокин Лимитед,"с. Кизилюрт, бул. Ленина, д. 97 стр. 965, 392827",+7 (299) 275-03-73,belousovmoise@example.org
117,Ершов Спартак Иосипович,6413,174299,"НПО «Гордеева, Буров и Устинова»","клх Муравленко, бул. Бульварный, д. 9, 665918",+76386557790,visheslav_1994@example.org
118,Носков Климент Гордеевич,9423,349565,АО «Веселов Владимиров»,"с. Набережные Челны, ул. Невского, д. 8/4 стр. 16, 029922",8 (092) 024-2869,shashkovaija@example.org
119,Кошелев Савва Харлампьевич,5562,801474,АО «Зимина Бирюков»,"д. Тихорецк, алл. Володарского, д. 2/4 к. 7/3, 038862",81279908811,vasilisa1977@example.net
120,Смирнова Нина Семеновна,8953,324643,"ИП «Мамонтова, Беляев и Гаврилова»","ст. Старая Русса, наб. Гражданская, д. 3/5 к. 4/2, 986430",+7 981 806 3565,stepanovparfen@example.net
121,Осипова Синклитикия Олеговна,9834,238739,Гурьев Лтд,"ст. Карабудахкент, пер. Клары Цеткин, д. 95 к. 5/5, 621372",+7 386 589 02 60,birjukovgalaktion@example.com
122,Нина Богдановна Голубева,8744,354801,АО «Гришин-Яковлев»,"с. Эльбрус, пер. Лунный, д. 827 стр. 538, 098839",+7 (053) 021-46-56,mlazareva@example.net
123,Крюков Архип Бенедиктович,8749,946721,Ермаков Лимитед,"ст. Кяхта, пер. Омский, д. 7/1, 268181",8 (451) 848-9476,uljana1983@example.com
124,Оксана Робертовна Самсонова,7669,299659,Дементьева Инк,"к. Борзя, бул. Проточный, д. 75 к. 9, 434165",+7 827 553 94 23,ninel1981@example.net
125,Белоусов Елисей Давыдович,2545,201639,ОАО «Чернов Игнатова»,"ст. Воткинск, ул. 8-е Марта, д. 880, 957947",+7 (846) 392-08-67,amos_1998@example.com
126,Дарья Робертовна Турова,8062,471507,ООО «Семенова»,"клх Алапаевск, бул. Союзный, д. 2/6, 942843",+77955276365,oleg_47@example.org
127,Игнатьева Елизавета Болеславовна,7939,531071,Фармперспектива,"ст. Омск, алл. Кавказская, д. 1/3, 728857",+74890612034,agafja1975@example.net
128,Мирослав Иосипович Шилов,8651,864491,Белозерова и партнеры,"с. Городовиковск, ш. Выгонное, д. 64 к. 9, 716947",+7 (256) 996-11-25,longinfilippov@example.net
129,Карл Тихонович Дорофеев,1887,806073,"ОАО «Дементьева, Мясникова и Владимиров»","п. Йошкар-Ола, алл. Белорусская, д. 2, 261117",8 (006) 811-4921,oorehov@example.org
130,Зуева Василиса Владимировна,2612,163556,Филатова Инкорпорэйтед,"клх Новомосковск, ш. Металлургов, д. 9/5 к. 3/9, 997968",8 (457) 831-7456,german40@example.org
131,Мишина Вера Макаровна,7596,863587,НПО «Тарасова-Соколов»,"к. Алдан, ш. Гагарина, д. 90 к. 4, 866326",8 341 638 94 48,ostromir31@example.org
132,Макаров Ратибор Филимонович,6559,939482,ООО «Федотова-Иванова»,"г. Екатеринбург, пер. Рабочий, д. 51, 270312",+7 735 647 5705,odintsovgalaktion@example.org
133,Никифор Артёмович Некрасов,2790,360735,"АО «Блинов, Авдеева и Крюкова»","ст. Александровск, ш. Новгородское, д. 8/4, 371837",8 452 088 14 74,miroslavbelozerov@example.org
134,Екатерина Вадимовна Фролова,4139,299448,Юг Руси,"п. Кыштым, ул. Димитрова, д. 10 стр. 3/6, 327195",+7 052 812 7358,porfiri_30@example.net
135,Всеволод Димитриевич Мясников,9786,570405,НПО «Кудряшова»,"д. Сургут (Хант.), пер. Технический, д. 6, 498218",+7 (744) 857-08-62,orehovamaja@example.net
136,Молчанов Арсений Терентьевич,3296,542374,ЗАО «Колесникова Соколова»,"к. Поярково, наб. Заозерная, д. 181 стр. 12, 173109",8 789 940 53 91,teterinaevfrosinija@example.net
137,г-н Абрамов Аркадий Иосипович,4006,392075,Панфилова Групп,"ст. Югорск, пер. Дорожный, д. 441 к. 913, 338392",8 (861) 957-6122,oleg_1998@example.net
138,Моисеев Пров Ильич,8579,361941,ЗАО «Кулагин-Кулакова»,"ст. Яшкуль, ш. Шевченко, д. 99 к. 96, 577600",+79082404335,mamontovairina@example.net
139,Дроздова Ульяна Владиславовна,2235,564656,РАО «Русаков»,"п. Кунгур, пер. Ленский, д. 54 к. 496, 572791",84096105566,bespalovzosima@example.net
140,Елисеева Агафья Мироновна,2604,153045,ИП «Богданова»,"д. Хабаровск, наб. Р.Люксембург, д. 12, 799813",8 462 251 79 08,fnazarov@example.com
141,Носова Василиса Валентиновна,9856,976638,"ЗАО «Афанасьев, Туров и Вишняков»","п. Бронницы, ш. Парижской Коммуны, д. 2 к. 666, 355904",+7 (597) 927-03-35,anzhelikamakarova@example.net
142,Блохин Якуб Виленович,1241,197793,РАО «Зимин-Тихонова»,"с. Соликамск, наб. Санаторная, д. 93, 879206",88042043940,valerija2023@example.org
143,Касьян Иосипович Князев,4872,274389,РАО «Логинов»,"с. Тикси, ул. Куйбышева, д. 9/2 стр. 93, 800384",8 762 055 5438,arkadi46@example.org
144,Ирина Дмитриевна Алексеева,7658,609231,НПО «Ширяева-Егоров»,"д. Элиста, бул. Моховой, д. 4/3 стр. 5/6, 823298",+7 (248) 262-9251,tverdislav_2023@example.org
145,Дьячков Галактион Аксёнович,8886,324130,НПО «Блохина-Бирюков»,"клх Кызыл, ш. Енисейское, д. 122, 999393",+7 (051) 728-9752,eivanova@example.org
146,Цветков Амос Устинович,7570,161483,ИП «Стрелкова»,"клх Канск, ул. Тепличная, д. 8/6, 366096",8 699 988 0817,andronik2019@example.org
147,Афанасьева Алина Федоровна,3697,497382,"ЗАО «Жданова, Боброва и Блохина»","к. Саранск, наб. Февральская, д. 3/7 к. 1, 771812",88266570279,radovantarasov@example.com
148,Гремислав Валерьевич Тарасов,1035,509386,ООО «Мясников»,"д. Оренбург, ш. Большое, д. 9/7 стр. 325, 220644",8 (421) 230-94-07,sigizmund2000@example.org
149,Горшкова Жанна Даниловна,5345,922157,Александрова Групп,"с. Валаам, пер. Лесный, д. 58 стр. 30, 050209",84510162249,demjan_2024@example.net
150,Тетерина Александра Богдановна,8454,399105,ИП «Зиновьев-Зыкова»,"ст. Ростов, ул. Гагарина, д. 3/2 стр. 6, 833901",88179469548,vladislav_99@example.com
151,Евдокимова Полина Святославовна,7930,830429,ЗАО «Абрамов Быкова»,"г. Глазов, пр. Пригородный, д. 79, 055830",+7 (441) 448-8501,matve_69@example.net
152,Дарья Георгиевна Суханова,8973,262316,ООО «Кондратьев-Гордеева»,"клх Дербент, алл. Бажова, д. 8 к. 1/9, 958803",85512405682,mdavidov@example.org
153,Ксения Кузьминична Рогова,4111,411120,ИП «Шарапов»,"п. Обоянь, ш. Дружбы, д. 58 к. 61, 317807",8 (235) 784-5218,evfrosinijavladimirova@example.org
154,Станимир Валентинович Иванов,4566,161324,РАО «Афанасьева-Молчанова»,"с. Баргузин, пер. Труда, д. 494, 334485",8 (142) 241-09-88,ershovtit@example.com
155,Дорофеева Вероника Ильинична,9883,163918,Емельянов Инкорпорэйтед,"д. Находка, пр. Березовый, д. 80 стр. 116, 662997",85453817921,valeri1995@example.net
156,Комиссарова Октябрина Руслановна,6138,159942,АО «Дмитриев Кононова»,"с. Ишим, бул. Тургенева, д. 8 стр. 1/2, 157724",8 992 816 1581,tverdislav76@example.net
157,Якуб Демьянович Хохлов,1821,712554,НПО «Комиссаров Титов»,"ст. Чокурдах, ш. Демьяна Бедного, д. 9 к. 22, 199758",+7 724 619 19 65,anzhela2007@example.org
158,Кудрявцев Фома Ааронович,8811,627276,ООО «Петухов Лихачев»,"д. Чебоксары, алл. Высокая, д. 5 к. 7, 190986",+7 (405) 800-85-14,frolovanina@example.net
159,Исаева Лариса Мироновна,9701,265080,"НПО «Беспалов, Андреева и Родионов»","п. Калач, пр. Терешковой, д. 3/5 стр. 12, 027621",+7 (679) 692-78-68,nestor1990@example.org
160,Аверьян Эдуардович Сазонов,1931,632496,ММС Рус (Mitsubishi Motors),"д. Чебаркуль, ул. Почтовая, д. 6/2 к. 2/3, 781891",+7 (718) 949-0580,radovan1998@example.com
161,Суханова Наина Матвеевна,2312,992697,ИП «Миронов-Богданов»,"г. Ярославль, пер. Краснодарский, д. 149 к. 8, 281442",84440192927,demid_43@example.com
162,Лобанов Амос Измаилович,4044,171849,АО «Соболева»,"ст. Прохладный, алл. Щетинкина, д. 63 к. 141, 767478",+7 (667) 428-6047,ushcherbakova@example.net
163,Волкова Антонина Тарасовна,2113,808011,Ферреро Руссия (Ferrero),"к. Куртамыш, ш. Гражданское, д. 7 к. 4/4, 258001",+7 618 175 3443,kozlovajulija@example.org
164,Кириллов Ерофей Валерьевич,4853,523389,Т2 РТК Холдинг,"с. Ханты-Мансийск, ул. Воронежская, д. 5, 174654",+7 (140) 665-04-42,arhip1997@example.org
165,Борисова Пелагея Борисовна,2964,697347,ЗАО «Шилова Самойлов»,"с. Кропоткин (Краснод.), ул. Станционная, д. 894, 720064",+7 (569) 087-76-61,zinovi_1970@example.net
166,Ольга Васильевна Ермакова,5033,707040,Рожкова и партнеры,"с. Белоярский, бул. Революционный, д. 9 стр. 2, 432806",+7 (461) 571-7320,akimmolchanov@example.net
167,Колесников Арсений Ефремович,1651,749468,"ЗАО «Пестова, Шубина и Юдина»","г. Невельск, наб. Западная, д. 2/4, 829310",+7 (707) 903-20-20,valeri79@example.org
168,Ангелина Борисовна Андреева,2343,539589,"ЗАО «Ефремова, Сидорова и Быков»","с. Нарьян-Мар, бул. Короленко, д. 2 стр. 45, 925114",+7 (625) 827-39-02,vishnjakovjuli@example.com
169,Акулина Рудольфовна Федорова,9565,431737,РАО «Ефимов»,"с. Сортавала, алл. Ясная, д. 94 стр. 7/4, 909279",+7 456 083 31 81,sinklitikija_88@example.org
170,Ярослав Глебович Егоров,5272,314181,АО «Цветков»,"с. Игнашино, бул. Московский, д. 454, 459701",+7 822 078 1137,pankrat_35@example.org
171,Лидия Евгеньевна Комарова,6147,350280,ООО «Шарапов Фадеева»,"п. Бугульма, пер. Водников, д. 462 к. 3/7, 273543",8 209 042 1776,lukijapoljakova@example.com
172,Вишнякова Эмилия Викторовна,5351,515011,Силина Лтд,"с. Троицк (Челяб.), ш. Полтавское, д. 8/5 к. 463, 693929",+7 600 780 6867,savelevserafim@example.org
173,Ситников Агап Устинович,3144,804318,АО «Терентьев Капустин»,"г. Сочи, наб. Алтайская, д. 1/8 стр. 3/7, 570165",8 (046) 498-9319,nina_08@example.net
174,Антонин Брониславович Блинов,5915,579434,НПО «Осипова-Федоров»,"п. Устюжна, ул. Логовая, д. 45 стр. 479, 554864",+7 155 778 8178,kuzma_1995@example.com
175,Ангелина Георгиевна Рожкова,6180,888387,"РАО «Сорокин, Шаров и Зыкова»","г. Вуктыл, наб. Боровая, д. 37, 804682",8 (567) 043-10-38,ostap_95@example.net
176,Большакова Пелагея Эдуардовна,2188,109767,Юг-Авто,"к. Хасавюрт, ш. Фрунзе, д. 44, 540254",8 (292) 842-22-23,volkovlukjan@example.net
177,Осипов Моисей Гаврилович,8508,751332,ЗАО «Быкова Виноградов»,"п. Объячево, пер. Тополиный, д. 2 к. 367, 520885",+77492975170,taisijaandreeva@example.com
178,Орехов Ефим Филатович,2638,176819,РАО «Лапин-Макаров»,"ст. Лабинск, ул. Народная, д. 2/9, 375998",+7 562 656 5045,leon_78@example.org
179,Белозеров Прокл Фёдорович,9808,323508,"ИП «Большаков, Калашникова и Архипова»","п. Черусти, ул. Средняя, д. 84 стр. 2, 106462",8 (792) 326-4870,foti47@example.net
180,Цветкова Алевтина Александровна,9288,378082,ИП «Моисеев Колобова»,"клх Луховицы, алл. Победа, д. 20 к. 8, 959796",+77158904290,larisasuvorova@example.net
181,Сорокин Аполлинарий Егорович,3170,465962,НПО «Анисимова-Сазонова»,"к. Люберцы, бул. Магистральный, д. 22 стр. 68, 445189",8 202 845 7652,rjabovgerman@example.net
182,Пономарев Федот Валентинович,2127,356150,"НПО «Гордеева, Степанов и Жуков»","с. Нижневартовск, бул. Гастелло, д. 97 к. 3, 013223",+72321611076,lazarevavalentina@example.org
183,Раиса Эдуардовна Семенова,7054,398830,"РАО «Одинцова, Селезнев и Беляев»","клх Александров, ш. Волжское, д. 49, 501249",8 528 938 9119,lobanovaekaterina@example.net
184,Бобров Данила Абрамович,3584,559469,Национальная компьютерная корпорация,"к. Чикола, пр. Загородный, д. 75, 383615",+7 718 275 48 01,semen_16@example.com
185,Леонтий Феофанович Цветков,9900,837715,Авдеев и партнеры,"ст. Братск, бул. Нахимова, д. 80 к. 967, 126691",+7 (153) 539-61-36,klavdi2013@example.net
186,Симонова Милица Матвеевна,5956,741390,"ООО «Данилова, Стрелкова и Корнилов»","п. Сергиев Посад, ул. Сплавная, д. 8/4, 010170",+7 (695) 249-91-18,ruben1981@example.net
187,тов. Потапов Мефодий Аверьянович,9666,108203,НПО «Шарова»,"с. Можга, пр. Высоцкого, д. 902 к. 3, 624671",87889778280,fnazarov@example.net
188,Эмилия Матвеевна Комиссарова,5905,795613,ИП «Ильин-Павлов»,"ст. Ноябрьск, ш. Нагорное, д. 7 к. 665, 503334",81141520850,varvara2018@example.net
189,Гаврилова Ираида Архиповна,2697,240814,Силовые машины,"с. Холмогоры, наб. Гражданская, д. 2/4 к. 8, 294563",8 (183) 440-49-63,terentevfoka@example.org
190,Дорофеева Ангелина Феликсовна,5333,221035,Селиверстов Групп,"ст. Бузулук, ш. Дружбы, д. 7 стр. 4, 649878",+7 (082) 973-74-89,krozhkova@example.net
191,Галкина Евпраксия Михайловна,2753,878480,"АО «Трофимов, Антонов и Михеева»","с. Морозовск, бул. Одесский, д. 5/5, 493631",+7 (303) 477-86-60,gordedorofeev@example.org
192,Вишняков Клавдий Вячеславович,3546,385577,МегаФон,"г. Великий Устюг, пер. Победы, д. 265 к. 3/4, 981898",+77139155963,jkudrjashov@example.org
193,Лыткин Кир Феоктистович,5616,734210,"ИП «Дементьева, Медведева и Макаров»","клх Гаврилов-Ям, пер. Олега Кошевого, д. 4/5 к. 85, 409003",+78645183760,qshashkova@example.com
194,Бирюков Измаил Ефимович,4450,852470,ОАО «Брагина Марков»,"ст. Плесецк, наб. Тихая, д. 8/7, 612481",8 698 570 0272,vlasovaevpraksija@example.net
195,Фирс Архипович Макаров,6617,313487,АО «Павлова Савельева»,"ст. Моршанск, пр. Запрудный, д. 3 к. 5, 165266",83008931734,allavlasova@example.net
196,Казимир Вилорович Беляев,5325,629959,АО «Фомичева-Яковлева»,"клх Тула, ш. Просвещения, д. 2/4 к. 53, 762639",+7 (436) 262-0443,ipat1990@example.net
197,Михайлова Агафья Руслановна,9004,363319,ОАО «Юдин Лыткина»,"клх Орел, пр. Таманский, д. 118 стр. 853, 990048",86465280924,praskovjagorshkova@example.com
198,Василиса Богдановна Филиппова,1832,196781,Нова,"к. Гдов, ул. Полярная, д. 5/6 к. 5/5, 856257",+7 (870) 320-32-07,gremislav76@example.org
199,тов. Волкова Нинель Матвеевна,7939,969634,Башкирэнерго,"с. Гаврилов-Ям, ш. Тенистое, д. 451 стр. 3, 849939",+7 892 613 7150,ekaterina16@example.com
200,Селиверстова Валентина Леонидовна,5533,146228,РАО «Сорокин Русаков»,"клх Курск, бул. Садовый, д. 1 стр. 6/3, 045018",86164236103,marijaguljaeva@example.com
201,Герасим Валерианович Петухов,1058,449759,"ОАО «Князев, Горшкова и Калашникова»","к. Владикавказ, пер. Крымский, д. 8/7 к. 5/7, 659266",+7 085 732 78 81,ruslan61@example.com
202,Владимир Ефимович Одинцов,3143,768061,ЗАО «Красильников Капустин»,"г. Токма, пер. Шмидта, д. 2/8, 549180",+7 722 601 64 59,regina2007@example.net
203,Лукия Геннадиевна Соболева,5291,269430,РАО «Михеева Жукова»,"с. Тырныауз, ул. Геологов, д. 802, 697499",8 641 220 3103,nikitinaolga@example.net
204,Журавлев Поликарп Геннадиевич,8239,678478,ИП «Воронцова»,"с. Ребриха, ул. Ольховая, д. 87, 079334",86050166799,kornil_1972@example.com
205,Харлампий Чеславович Жуков,8007,688153,ДНС Групп,"д. Моздок, ул. Флотская, д. 8/2 стр. 6/8, 024375",8 (383) 959-72-46,rpahomova@example.net
206,Евсеева Олимпиада Валериевна,1158,217308,Аксенов и партнеры,"п. Иваново, алл. Победа, д. 567, 380054",8 228 015 6193,shilovzahar@example.com
207,Матвей Ильич Комиссаров,2232,824586,ОАО «Гуляева»,"ст. Тольятти, бул. Крайний, д. 277 стр. 299, 812135",+7 (478) 712-55-21,porfirilitkin@example.com
208,Агата Ефимовна Щукина,3442,672092,"ИП «Дроздов, Морозова и Александров»","к. Псков, бул. Высоковольтный, д. 78 к. 72, 678507",+7 (081) 155-62-60,cpotapova@example.net
209,Виктория Филипповна Павлова,1590,975136,Петролеум Трейдинг,"с. Усть-Калманка, бул. Матросова, д. 1 к. 9, 673899",8 (563) 410-85-62,timur_1986@example.org
210,Никифорова Регина Львовна,7049,710805,Акрон,"ст. Улан-Удэ, наб. Тульская, д. 7 стр. 505, 101749",+7 753 998 9354,galina92@example.net
211,Иосиф Бориславович Большаков,3426,550664,Пономарева Инкорпорэйтед,"г. Домодедово, пр. Морозова, д. 710 стр. 47, 158698",8 (649) 767-7622,vladimir_1997@example.com
212,Крюков Соломон Валерианович,3088,143860,Вольво Восток (AB Volvo),"г. Енисейск, наб. Стадионная, д. 2/2 стр. 5, 821545",+74702296044,dobromislzikov@example.net
213,Виталий Иларионович Виноградов,6050,482364,НПО «Силин»,"к. Октябрьское (Хант.), ш. Шахтерское, д. 88 к. 8/3, 199663",8 580 741 20 94,anzhela_1976@example.net
214,Пестов Ян Антипович,1653,475190,Виноградова Инкорпорэйтед,"г. Тутончаны, ул. Прохладная, д. 83, 895690",8 (056) 260-85-64,andreevvalerjan@example.net
215,Баранов Добромысл Дмитриевич,4441,815198,АО «Горбачев»,"г. Эльтон, алл. Нагорная, д. 246 к. 3, 546103",+7 (993) 788-6140,rostislav_86@example.org
216,Орест Даниилович Сысоев,5088,799330,ИП «Титова»,"ст. Усть-Катав, ш. Кедровое, д. 7 стр. 2/9, 258238",8 870 079 42 00,kim2003@example.net
217,Милий Гордеевич Логинов,2684,470858,Воронцов Инк,"к. Верхний Уфалей, бул. Красногвардейский, д. 58 к. 4/9, 547435",8 379 502 0970,muravevadarja@example.com
218,Игнатова Пелагея Никифоровна,7658,750810,Сорокин Лимитед,"ст. Саянск, ул. К.Маркса, д. 6/7 стр. 20, 537030",+75319433750,semen93@example.org
219,Бирюков Николай Брониславович,3532,348237,ЗАО «Козлова-Кузнецова»,"клх Ханты-Мансийск, бул. Ягодный, д. 292 стр. 44, 308948",8 (060) 566-41-87,mitofan1999@example.org
220,Елена Альбертовна Матвеева,3662,938742,"ЗАО «Самсонов, Евдокимов и Кузнецов»","к. Ведено, ш. Восточное, д. 26 стр. 33, 411076",+7 954 317 3505,izot_2023@example.net
221,Фадеева Антонина Петровна,3900,532322,Крылов Инк,"с. Мичуринск, ул. Полярная, д. 570 стр. 2/2, 804661",86399076769,shirjaevaleksandr@example.com
222,Сафонова Евдокия Борисовна,1406,288073,РАО «Соболева»,"д. Грозный, пер. Таманский, д. 7 стр. 8/3, 200249",8 854 982 27 49,kuzma_50@example.net
223,Ларионова Вероника Аркадьевна,6442,920391,ЗАО «Нестерова Шубина»,"к. Каменск-Уральский, бул. Проезжий, д. 853, 959959",+76521707303,rubenefremov@example.org
224,Зиновьев Максимильян Матвеевич,7745,941204,НПО «Фомин Муравьева»,"г. Бугульма, ул. Донская, д. 84 к. 69, 033423",+72583230241,nikonovavera@example.com
225,Доронина Валерия Львовна,5065,379766,ИП «Сысоев Архипов»,"клх Златоуст, ш. Блюхера, д. 312 стр. 93, 559630",89384253042,foti_2020@example.org
226,Шарова Олимпиада Юрьевна,3608,925622,АО «Волкова»,"с. Торжок, алл. Космонавтов, д. 9 к. 8/8, 969033",+7 (736) 346-6925,uljan12@example.org
227,Спартак Ильич Данилов,2771,501124,Михайлов Групп,"с. Снежинск, пр. Нахимова, д. 6/5 к. 1/3, 341514",8 (881) 431-1150,evstigne_1988@example.net
228,Ладислав Елизарович Пономарев,1634,593554,Техинком,"г. Малая Вишера, ш. Новоселов, д. 7/1 к. 9/3, 333738",88775153663,radim2018@example.org
229,Флорентин Валерьянович Тимофеев,4644,309267,Магнит,"к. Кимры, пр. 50 лет ВЛКСМ, д. 6 к. 390, 599996",8 361 863 71 59,alla2020@example.org
230,Муравьев Фадей Вячеславович,8541,466643,ОАО «Власова»,"п. Камышин, пр. Дальневосточный, д. 53, 705802",8 662 128 6716,vladislavbespalov@example.org
231,Савелий Владиленович Елисеев,6000,960394,Мясникова и партнеры,"к. Каневская, алл. Подстанция, д. 469, 977790",+7 475 469 26 32,yfomichev@example.net
232,Ермаков Валентин Тимурович,4728,333752,Ростелеком,"к. Яр-Сале, наб. Ленинградская, д. 77 стр. 251, 672438",+7 701 765 6360,maksimovavalerija@example.net
233,Лидия Рубеновна Мартынова,1387,792094,"РАО «Сергеев, Ковалева и Ширяева»","п. Соликамск, ш. Алтайское, д. 20 к. 24, 210427",8 230 837 0816,prokl09@example.org
234,Мельников Егор Денисович,4164,517821,АО «Власов-Королев»,"г. Алексин, ш. Хуторское, д. 331 к. 70, 558393",8 (661) 331-5520,usuhanova@example.org
235,Ратмир Гурьевич Голубев,6378,392136,Банк Санкт-Петербург,"г. Кежма, наб. Тюленина, д. 389 к. 2, 625257",+7 509 976 83 89,zhukovaakulina@example.net
236,Варвара Константиновна Фролова,2137,910891,Касторама Рус (Castorama),"г. Джейрах, пр. Чапаева, д. 72 к. 40, 524508",8 403 553 38 03,juvenaliuvarov@example.com
237,Королева Нинель Александровна,5573,468203,ОАО «Иванова»,"г. Диксон, алл. Социалистическая, д. 99, 381674",+7 (336) 293-44-97,kimsamolov@example.com
238,Лыткин Мирослав Тихонович,9346,519093,"АО «Фокин, Бобылев и Сазонов»","ст. Старая Русса, ш. Революции, д. 2/5, 824674",8 (468) 971-52-73,evdokijaivanova@example.org
239,Маргарита Рудольфовна Маслова,9785,447235,"НПО «Силина, Панфилова и Дементьев»","к. Чехов, пр. Партизанский, д. 369, 645875",+7 663 370 5024,ekaterina1978@example.org
240,Селиверстова Галина Андреевна,1452,220944,ОАО «Герасимов»,"клх Черский, пер. Севастопольский, д. 3/7, 488694",8 119 524 36 40,pelagejasmirnova@example.org
241,Игнатов Панкратий Фёдорович,5279,287241,Группа РТК,"п. Озеры, бул. Элеваторный, д. 37, 793230",+7 (346) 791-21-41,rkrilov@example.org
242,Фотий Данилович Архипов,5349,140115,"ООО «Некрасова, Медведев и Соколов»","ст. Алагир, пер. Дачный, д. 138 стр. 9/5, 759655",8 535 669 0551,panovamilitsa@example.net
243,Вера Алексеевна Елисеева,2776,725550,ОАО «Михайлова»,"к. Сеймчан, бул. Шишкина, д. 4/1 стр. 1, 057397",8 915 671 64 93,reginashashkova@example.net
244,Прасковья Антоновна Гусева,8119,462479,"ОАО «Захаров, Елисеев и Пахомова»","с. Гатчина, бул. Слободской, д. 33 к. 116, 564347",+7 287 153 99 15,tsazonova@example.net
245,Щербакова Тамара Оскаровна,6139,557592,АО «Михеев Жуков»,"г. Верхний Уфалей, бул. Енисейский, д. 395 к. 7, 409836",8 552 899 31 60,rodion_1987@example.com
246,Полина Робертовна Куликова,9379,221263,Ермаков Инкорпорэйтед,"к. Тверь, ул. Бульварная, д. 4/8 стр. 7, 523302",8 (642) 086-56-75,esharov@example.net
247,Боброва Евдокия Тимуровна,7311,704596,"РАО «Белоусов, Юдин и Лобанова»","с. Жуковский, алл. Щербакова, д. 5/3 стр. 43, 591266",+7 (015) 720-18-59,jsilina@example.net
248,Николаева Александра Васильевна,4114,367095,НПО «Смирнова Елисеев»,"ст. Верхний Уфалей, ш. Кошевого, д. 8 к. 1, 111783",+7 999 741 9267,kkirillov@example.org
249,Голубев Тимофей Гаврилович,1727,843215,"ОАО «Родионова, Волков и Устинов»","д. Чермоз, бул. Свободный, д. 31 стр. 90, 510293",+7 (184) 011-84-58,nataljafokina@example.net
250,Петухов Аникита Ярославович,8144,101773,ООО «Тарасова-Белозеров»,"клх Мичуринск, наб. Санаторная, д. 103 стр. 52, 298395",+72961844626,boris2023@example.net
251,Гаврила Гертрудович Богданов,9518,945687,Эркафарм,"д. Тихорецк, алл. Маркса Карла, д. 75 стр. 1/4, 418186",+7 515 542 34 01,osilina@example.com
252,Варвара Вячеславовна Назарова,9821,820221,Арконик СМЗ,"д. Нижнекамск, пер. Детский, д. 2 стр. 725, 588967",82408222694,rusakovamargarita@example.net
253,Элеонора Николаевна Крюкова,4228,481913,"АО «Шашков, Рогов и Орехова»","к. Ростов-на-Дону, бул. Курганный, д. 2 стр. 7, 111312",80148706827,sofon2008@example.net
254,Варвара Ниловна Попова,8066,173372,Щербаков Лимитед,"клх Тырныауз, наб. Владимирская, д. 397 стр. 22, 285067",8 251 538 14 47,kapiton30@example.net
255,Карпова Екатерина Константиновна,6409,753425,Мишлен (Michelin),"д. Сузун, наб. Лесная, д. 6/5, 105265",+7 167 318 8261,averjan1978@example.net
256,Рюрик Тихонович Давыдов,6143,795612,ИП «Гордеев-Константинова»,"г. Санкт-Петербург, ш. Октября, д. 62 стр. 1/6, 134026",8 502 374 16 78,elena2010@example.com
257,Милица Сергеевна Владимирова,3041,854717,Новотранс,"г. Анива, алл. Чайковского, д. 630, 906744",8 (163) 928-23-41,kira36@example.org
258,Варфоломей Юлианович Костин,5920,631756,АО «Гурьева Ершова»,"г. Дагомыс, ул. Бульварная, д. 72 к. 293, 668433",8 670 860 4145,mili63@example.com
259,Евгения Аскольдовна Смирнова,6067,799287,ООО «Копылова»,"к. Солнечногорск, пер. Сельский, д. 3/5 к. 6/6, 110825",8 598 953 4396,belozerovvatslav@example.org
260,Елисеева Варвара Аскольдовна,7691,442027,Кондратьева Лимитед,"клх Светлогорск (Калин.), ул. Кутузова, д. 8, 820236",8 (485) 571-6176,sila_2014@example.org
261,Игнатова Василиса Кирилловна,7592,831076,ЗАО «Ильин»,"с. Тымовское, ул. Мелиоративная, д. 9/7 стр. 7/5, 202939",+7 878 844 3448,romanovzahar@example.org
262,Калинина Алина Вениаминовна,5844,681343,АО «Потапов-Мамонтова»,"ст. Касимов, ул. Молодежная, д. 6 стр. 2, 269450",+7 534 240 8916,jaroslav98@example.org
263,Елена Леонидовна Федотова,3085,301158,ЗАО «Боброва Кабанова»,"с. Кирово-Чепецк, бул. Блюхера, д. 3 стр. 2/8, 722397",+7 (404) 226-93-12,kotovinnokenti@example.com
264,Милица Болеславовна Владимирова,7888,797229,Егоров Лимитед,"с. Оренбург, ул. Полевая, д. 223, 290018",8 132 797 2457,zinaidapavlova@example.net
265,Исаева София Васильевна,7211,810219,ОАО «Беляев»,"г. Тихорецк, алл. Молодежная, д. 40 к. 7/3, 436172",+7 314 519 51 51,eliseevaviktorija@example.org
266,Марк Гавриилович Ларионов,3851,745414,"АО «Корнилова, Ефимова и Афанасьева»","к. Воркута, пр. Жукова, д. 2 к. 622, 677119",8 421 522 65 57,ssilin@example.com
267,Калашникова Лора Валентиновна,5930,525800,Башкирская содовая компания,"д. Талдом, пер. 8-е Марта, д. 26 стр. 9/4, 350305",8 (721) 055-2472,pantelemon_1983@example.org
268,Кудрявцев Викторин Викторович,9977,974224,"ООО «Зайцев, Аксенова и Пестова»","г. Воскресенск, пер. Уральский, д. 3/1 стр. 35, 310962",+7 (728) 476-57-04,stepanovaristarh@example.net
269,Ситников Дементий Юлианович,1006,418635,РАО «Вишняков Пахомова»,"д. Красноярск, пер. Фрунзе, д. 36 стр. 2, 236903",8 289 177 56 62,braginamargarita@example.net
270,Касьян Борисович Орлов,5700,320392,ИП «Данилова»,"п. Лесной (Сверд.), пер. Загородный, д. 139, 383034",+7 990 970 05 14,efimovaija@example.com
271,Веселова Марфа Матвеевна,8043,923927,ООО «Давыдова Григорьев»,"клх Теберда, пер. Кавказский, д. 896, 422711",+7 (322) 889-8572,kornil_59@example.com
272,Кулаков Никанор Демидович,6279,587575,ЗАО «Фролова Алексеев»,"г. Амдерма, ш. Некрасова, д. 871, 242149",8 511 274 7472,litkinfilaret@example.com
273,Гордеев Конон Трифонович,8238,563638,"ОАО «Белоусова, Гордеева и Блинова»","к. Тобольск, наб. Королева, д. 868 стр. 1, 380214",8 296 136 71 57,anastasija2000@example.com
274,Королев Велимир Тихонович,4501,636004,"АО «Брагин, Прохоров и Титов»","д. Ступино, бул. Металлургов, д. 147, 723590",86056730306,ippolit21@example.org
275,Маслов Болеслав Ефимович,8752,932291,Втормет,"клх Кропоткин (Краснод.), ш. Трактовое, д. 565, 356778",+7 (659) 608-93-19,lidijaharitonova@example.net
276,Зиновьева Лариса Андреевна,3780,790855,НПО «Рожкова Анисимов»,"г. Плесецк, пер. Школьный, д. 3/8 к. 403, 829635",+7 (390) 550-4481,anna2026@example.com
277,Милован Федотович Галкин,2389,397571,РАО «Шашкова-Казаков»,"к. Ижевск, пер. Тополиный, д. 7/5 стр. 5/2, 110961",8 (981) 789-04-63,radovanzhdanov@example.com
278,Гордеев Рюрик Валерьевич,9445,796101,ОАО «Якушева-Гущин»,"г. Озеры, пер. Дальневосточный, д. 5, 630600",+7 258 955 2963,nikifor_1980@example.net
279,Антонин Федотович Гусев,6491,197923,Новикомбанк,"к. Томпа, пр. Камский, д. 228, 482531",+7 060 920 98 19,vvasilev@example.net
280,Панов Мирон Гаврилович,4848,805477,ООО «Зыкова Зуев»,"д. Кострома, ш. Циолковского, д. 1 стр. 2, 091179",+7 124 421 17 53,fmedvedev@example.org
281,Севастьян Артемьевич Никитин,6085,335552,ГК Автодилерство,"клх Североуральск, алл. Победы, д. 129, 557998",+7 284 139 0808,sinklitikija_1978@example.com
282,Рябов Амвросий Зиновьевич,4262,254511,АО «Сергеев Архипова»,"к. Старая Русса, ул. Тельмана, д. 8, 686342",+7 (461) 994-2376,panfil2003@example.com
283,Юлия Борисовна Кошелева,1400,148458,"НПО «Власов, Яковлева и Крюков»","с. Зарайск, пер. Прудный, д. 5/9, 601256",+7 (531) 355-25-10,zinaida_05@example.org
284,Любим Даниилович Шилов,5011,598216,НПО «Ермаков»,"г. Ухта, бул. Линейный, д. 7/6 к. 4, 077046",+7 172 959 63 90,adam90@example.com
285,Олимпий Алексеевич Самсонов,2193,577538,Самойлова Лтд,"клх Амурск, пр. Кубанский, д. 5/5, 561857",80647715910,anisimsharapov@example.org
286,Марков Поликарп Давидович,7790,760356,РАО «Щербаков Воронова»,"клх Беломорск, ш. Московское, д. 204 к. 6, 422971",+7 (529) 671-88-39,vera1997@example.com
287,Святополк Давидович Тарасов,4185,853240,ОАО «Капустин-Третьякова»,"д. Королев, бул. Высокий, д. 117 стр. 40, 637153",88854728123,nikandr_79@example.net
288,Власов Евгений Арсеньевич,7291,618392,НПО «Суханов-Афанасьева»,"п. Славгород, бул. Рябиновый, д. 80, 407875",+71815632686,marian_1973@example.com
289,Антип Тарасович Гурьев,7547,355836,"АО «Сафонов, Мельников и Константинов»","д. Шилка, пер. Седова, д. 203 к. 11, 943181",+73966613473,evfrosinijakonovalova@example.net
290,Эдуард Ермилович Гурьев,3417,787926,РАО «Фомин»,"ст. Коломна, наб. Ленинская, д. 62, 207650",+7 (412) 095-79-07,savvamakarov@example.org
291,Татьяна Кирилловна Щукина,1090,887443,ЗАО «Новикова Миронов»,"г. Междуреченский, наб. Докучаева, д. 6/9 стр. 8, 570545",8 (971) 480-2632,serge_03@example.net
292,Турова Нина Михайловна,2746,916232,ООО «Борисов Колесников»,"к. Ялуторовск, пер. Химиков, д. 64 стр. 7, 443098",8 916 795 4107,oktjabrinafedoseeva@example.org
293,Калинина Юлия Федоровна,7965,329471,Eurasia Drilling Company,"к. Бодайбо, ул. Просвещения, д. 234 к. 174, 500425",+78821423691,efim07@example.com
294,Никандр Федосьевич Власов,3881,943170,ИП «Князева»,"п. Фатеж, бул. Энергетиков, д. 53 к. 96, 441497",8 (266) 128-7585,mina1994@example.com
295,Октябрина Алексеевна Сысоева,9486,587115,Зайцев Групп,"д. Махачкала, пер. Королева, д. 99, 062607",8 (701) 041-5914,zoja1988@example.org
296,Логинов Сократ Антипович,1822,684482,Шелл Нефть (Shell),"п. Кизилюрт, бул. Поселковый, д. 5 стр. 479, 102918",+7 331 708 76 01,onufri72@example.org
297,София Захаровна Бирюкова,5082,989545,Блинова Групп,"п. Апатиты, алл. Слободская, д. 98, 774419",8 (546) 617-66-20,ratmir19@example.com
298,Антонов Ананий Феофанович,2988,578634,ИП «Блохина»,"клх Серпухов, ул. Аэродромная, д. 9 к. 95, 812259",8 724 461 7679,uljanarogova@example.net
299,Светлана Захаровна Титова,3184,940346,ГСЛ,"г. Балтийск, ш. Аэродромное, д. 21, 753312",8 610 941 01 75,strelkovadarja@example.com
300,Савельев Наркис Венедиктович,8612,800005,Металлстандарт,"к. Сусуман, бул. Февральский, д. 33 к. 9/4, 901302",+7 569 815 2873,filimonsharapov@example.com
